img	comment	related text	question	answer
19873-1darmst.jpg	The Meyer or Darmstadt Madonna is the last, most famous and most effective of Holbein's great religious works, above all in its depiction of individual human identities combined with spectacular spatial control and illusionism - as exemplified by the ruckled carpet.Standing in a scalloped niche with projecting consoles, Mary, with the Christ Child in her arms, is surrounded by the Meyer family. The hooped crown, an allusion to the German imperial crown, identifies her as the Queen of Heaven. Typologically, the painting is a Schutzmantelbild (a `Virgin of Pity' painting), in which the donor, Jakob Meyer, invokes and gains divine protection for himself and his family. Unusually, the donor is shown as the same size as the Virgin.Chastened by worldly failure and disgrace, Meyer no longer staunchly outstares the world but has his eyes fixed on other realms in meditative intensity. This introspection is echoed by his wives the enigmatic enwrapped profile of his first, Magdalena Baer (who had died in 1511) and Dorothea Kannengiesser. Before them kneels Anna, the only surviving child, whose portrait drawing in chalk shows her with free-flowing hair. Holbein repainted her hair tied in a band after her engagement.In front of Jakob, in a Raphaelesque triangular pose deployed with subtlety and skill, his two deceased sons are depicted. The baby, with curly blonde hair and pudgy cheeks, has affinities with the Leonardo type. Also Leonardesque is the prowess shown in the foreshortening of the Christ-child's extended arm, and the naturalness of the baby's pose, which recall The Virgin of the Rocks			
		Chastened by worldly failure and disgrace, Meyer no longer staunchly outstares the world but has his eyes fixed on other realms in meditative intensity.	What does Meyer no longer staunchly outstare?	the world
		The hooped crown, an allusion to the German imperial crown, identifies her as the Queen of Heaven.	What is an allusion to the German imperial crown?	the hooped crown
		Typologically, the painting is a Schutzmantelbild (a ` Virgin of Pity ' painting), in which the donor, Jakob Meyer, invokes and gains divine protection for himself and his family.	Who is the painting?	a Schutzmantelbild
		In front of Jakob, in a Raphaelesque triangular pose deployed with subtlety and skill, his two deceased sons are depicted.	How many Jakob's deceased sons are depicted in front of Jakob in a Raphaelesque triangular pose deployed with subtlety and skill?	Jakob's two deceased sons
		Unusually, the donor is shown as the same size as the Virgin.	What is the donor shown as?	as the same size as the Virgin
		The baby, with curly blonde hair and pudgy cheeks, has affinities with the Leonardo type.	What does the baby have?	affinities with the Leonardo type
18759-guard301.jpg	Whereas Canaletto incorporates classically inspired structures or ruins into his fantastic views, and accords them an important place in the composition, Francesco Guardi's capriccios mostly refer to his own immediate surroundings: the Venetian Lagoon. In this poetic scene decorative fishing boats with yellow and brown sails are illustrated, lying in still, light-green water. Similar little ships also figure prominently in a number of Guardi's town views. In the foreground fishermen are seated together in an improvised tent, while elsewhere men are busy moving freight. The composition is constructed clearly, by means of coulisses which harmonize with the nuances in the palette. The thickly painted foreground consists of a sand bar and a hillock, behind which the fishing tent is located. The middle distance is formed by a spit of land with the remains of a wall on it in subdued, brown tones, and a large ornamental vase on a pedestal, a motif that Guardi may have borrowed from Marco Ricci. Directly behind this rises the wispy silhouette of the city, which stands out against the low sunlight. The various levels are connected to one another by the transparently painted water, which merges with the sky almost imperceptibly at the horizon.The theme of the walled city on the water is reminiscent of the capriccios Luca Carlevaris and Marco Ricci painted some fifty or sixty years earlier under the influence of seventeenth-century Roman examples. Guardi gave this view an unmistakably Venetian streak, however, by means of the Lagoon-like atmosphere and the striking belltowers, walls and roofs, which seem to be borrowed literally from the Venetian townscape			
		In the foreground fishermen are seated together in an improvised tent, while elsewhere men are busy moving freight.	What are fishermen seated together in an in the foreground?	improvised tent
		Directly behind this rises the wispy silhouette of the city, which stands out against the low sunlight.	What stands out against the low sunlight?	the wispy silhouette of the city
		In the foreground fishermen are seated together in an improvised tent, while elsewhere men are busy moving freight.	Who are seated together in an improvised tent in the foreground?	fishermen
		In the foreground fishermen are seated together in an improvised tent, while elsewhere men are busy moving freight.	What are fishermen seated together in an improvised tent in?	in the foreground
		Whereas Canaletto incorporates classically inspired structures or ruins into his fantastic views, and accords them an important place in the composition, Francesco Guardi's capriccios mostly refer to his own immediate surroundings: the Venetian Lagoon.	What does Canaletto incorporate classically inspired into his fantastic views, and accords?	structures or ruins
		The theme of the walled city on the water is reminiscent of the capriccios Luca Carlevaris and Marco Ricci painted some fifty or sixty years earlier under the influence of seventeenth-century Roman examples.	What is the theme of the walled city on the water reminiscent of the capriccios under?	Luca Carlevaris and Marco Ricci painted some fifty or sixty years earlier under the influence of seventeenth-century Roman examples
04589-temptati.jpg	In this painting the refinement of the colouring and complexity of poses are linked to the typically late Mannerist quest for technical prowess; yet the attempt to return to a more direct expression of physical reality can be observed			
		In this painting the refinement of the coloring and complexity of poses are linked to the typically late Mannerist quest for technical prowess; yet the attempt to return to a more direct expression of physical reality can be observed	What does the refinement of the coloring and complexity of pose are linked to the typically late Mannerist quest for technical prowess in?	in this painting
		In this painting the refinement of the coloring and complexity of poses are linked to the typically late Mannerist quest for technical prowess; yet the attempt to return to a more direct expression of physical reality can be observed	What can be observed?	the attempt to return to a more direct expression of physical reality
15104-magi.jpg	The left side of the painting was cut, originally Saint John was depicted behind Mary, and the motive of hand kissing was in the centre of the composition			
		The left side of the painting was cut, originally Saint John was depicted behind Mary, and the motive of hand kissing was in the center of the composition	What was cut?	the left side of the painting
		The left side of the painting was cut, originally Saint John was depicted behind Mary, and the motive of hand kissing was in the center of the composition	Who was depicted behind Mary?	Saint John
		The left side of the painting was cut, originally Saint John was depicted behind Mary, and the motive of hand kissing was in the center of the composition	Who was Saint John depicted behind?	behind Mary
		The left side of the painting was cut, originally Saint John was depicted behind Mary, and the motive of hand kissing was in the center of the composition	What was in the center of the composition?	the motive of hand kissing
		The left side of the painting was cut, originally Saint John was depicted behind Mary, and the motive of hand kissing was in the center of the composition	Where was the motive of hand kissing?	in the center of the composition
		The left side of the painting was cut, originally Saint John was depicted behind Mary, and the motive of hand kissing was in the center of the composition	What was the motive of hand kissing in?	in the center of the composition
36582-paolo_f1.jpg	The painting illustrates a famous episode from the fifth canto of Dante's Inferno, in which Dante and Virgil see Paolo and Francesca condemned to the darkness of Hell with the souls of the lustful. This is the prime version of a composition Scheffer repeated several times and it has a frame which he specially devised to suit the subject.			
		This is the prime version of a composition Scheffer repeated several times and it has a frame which he specially devised to suit the subject.	What has a frame which a composition Scheffer repeated several times specially devised to suit the subject?	this
		This is the prime version of a composition Scheffer repeated several times and it has a frame which he specially devised to suit the subject.	What is the prime version of a composition Scheffer repeated several times?	this
		The painting illustrates a famous episode from the fifth canto of Dante's Inferno, in which Dante and Virgil see Paolo and Francesca condemned to the darkness of Hell with the souls of the lustful.	What illustrates a famous episode from the fifth canto of Dante's Inferno?	the painting
		The painting illustrates a famous episode from the fifth canto of Dante's Inferno, in which Dante and Virgil see Paolo and Francesca condemned to the darkness of Hell with the souls of the lustful.	What does the painting illustrate?	a famous episode from the fifth canto of Dante's Inferno
00930-30coron.jpg	Fra Angelico dedicated several of his works to the scene of Mary's coronation (Louvre, Paris; Museo di San Marco, Florence, Uffizi, Florence). In these pictures the ceremoniousness of the event is lessened by the gentle charm of the details.This painting is from the church of Sant'Egidio of Ospedale di Santa Maria Nuova in Florence. Its approach is special in that it presents the scene in the sky, floating on clouds, thus placing Jesus and Mary and their surrounding entourage in an interesting perspective. Spatial relations are illustrated by the use of size differences, the virtuoso rendering of light-rays, and colour perspective.The angelic choir greets the Queen of Heavens with song and dance. In the right foreground, with his back to the viewer, an angel dressed in blue plays the portative organ; his companion to the left a stringed instrument. Above, on both sides of the main group, the trumpets are raised high above the heads. Among the other instruments we can recognize a beautiful lute on the left, and a small oval-shaped violin (or mandola) on the right. The inner ring is composed of six tall, dancing angels; their flowing robes and the position of their hands indicate the direction of their movement			
		Among the other instruments we can recognize a beautiful lute on the left, and a small oval-shaped violin (or mandola) on the right.	What can clouds recognize on the right among the other instruments?	a beautiful lute on the left, and a small oval-shaped violin (or mandola)
		In the right foreground, with his back to the viewer, an angel dressed in blue plays the portative organ; his companion to the left a stringed instrument.	What does an angel dressed in blue play the portative organ with?	with the Queen of Heavens's back to the viewer
		Among the other instruments we can recognize a beautiful lute on the left, and a small oval-shaped violin (or mandola) on the right.	What can clouds recognize a beautiful lute on the left, and a small oval-shaped violin (or mandola) on the right among?	among the other instruments
		In the right foreground, with his back to the viewer, an angel dressed in blue plays the portative organ; his companion to the left a stringed instrument.	What does an angel dressed in blue play with the Queen of Heavens's back to the viewer?	the portative organ
		The inner ring is composed of six tall, dancing angels; their flowing robes and the position of their hands indicate the direction of their movement	What do six's flowing robes and the position of their hands indicate the direction of?	of their movement
		Spatial relations are illustrated by the use of size differences, the virtuoso rendering of light-rays, and color perspective.	What are illustrated by the use of size differences, the virtuoso rendering of light-rays, and color perspective?	spatial relations
24485-01view.jpg	The Bardi di Vernio Chapel in Santa Croce is one of the ten that were built at the same time as the transept between 1295 and 1310. It is located in the northern arm of the transept. The chapel was frescoed c. 1335 by Maso di Banco, one of Giotto's pupils and followers. Patronage of this chapel was not transferred to the Bardi di Vernio until 1602. In the fourteenth century it was the Bardi di Mangona, a branch of the family named after the Castello di Mangona near Florence, who were its patrons.In the upper part of the left (north) wall the St Sylvester cycle of Maso di Banco can be found. The two tomb monuments are unusually elaborated for family chapels of this period. The larger of the two, whose sarcophagus and marble baldachin were later added to the niche decorated by Maso, was for the male member of the family, the smaller one (the arcosolium, an arched recess used as a place of entombment) for the female members. Maso painted only the front wall of the latter, the interior of the niche is attributed to Taddeo Gaddi.On the fresco a male member of the Bardi family kneels on his sarcophagus, quite alone on the desolate plain of the afterlife. His sarcophagus is decorated with marble reliefs of the Man of Sorrows and the Bardi arms, while the image of Christ as a judge, displaying his wounds and surrounded by angels is painted in fresco on the wall above			
		The chapel was frescoed c. 1335 by Maso di Banco, one of Giotto's pupils and followers.	Who was Maso di Banco one of?	of Giotto's pupils and followers
		The chapel was frescoed c. 1335 by Maso di Banco, one of Giotto's pupils and followers.	Whose pupils and followers was Maso di Banco one of?	of Giotto's pupils and followers
		In the fourteenth century it was the Bardi di Mangona, a branch of the family named after the Castello di Mangona near Florence, who were its patrons.	What was the Bardi di Mangona a branch of near Florence?	of the family named after the Castello di Mangona
		The Bardi di Vernio Chapel in Santa Croce is one of the ten that were built at the same time as the transept between 1295 and 1310.	What is one of the ten that were built at the same time as the transept between 1295 and 1310?	the Bardi di Vernio Chapel in Santa Croce
		In the upper part of the left wall the St Sylvester cycle of Maso di Banco can be found.	What can the St Sylvester cycle of Maso di Banco be found in?	in the upper part of the left wall
		Maso painted only the front wall of the latter, the interior of the niche is attributed to Taddeo Gaddi.	Where did Maso paint only the front wall of the latter, the interior of the niche is attributed?	to Taddeo Gaddi
18424-2105grec.jpg	This portrait is an example of El Greco's late work. Juan Pardo de Tavera (1472-1545) held both important ecclesiastical and political offices under Charles V, being active among other things as Grand Inquisitor and government chief of Castile. He founded in 1541 the Hospital de San Juan Bautista. By the time of his portrayal, however, he had long been deceased, the portrait was commissioned by Pedro Salazar de Mendoza, an important figure in Toledo's religious life, and the administrator of the Hospital de San Juan Bautista.The painting is signed at the bottom right			
		Juan Pardo de Tavera held both important ecclesiastical and political offices under Charles V, being active among other things as Grand Inquisitor and government chief of Castile.	Who did Juan Pardo de Tavera hold under Charles V?	both important ecclesiastical and political offices
		Juan Pardo de Tavera held both important ecclesiastical and political offices under Charles V, being active among other things as Grand Inquisitor and government chief of Castile.	What did Juan Pardo de Tavera hold both important ecclesiastical and political offices under?	under Charles V
		Juan Pardo de Tavera held both important ecclesiastical and political offices under Charles V, being active among other things as Grand Inquisitor and government chief of Castile.	What was Juan Pardo de Tavera active among?	among other things as Grand Inquisitor and government chief of Castile
		He founded in 1541 the Hospital de San Juan Bautista.	Who founded in 1541 the Hospital de San Juan Bautista?	Juan Pardo de Tavera
		Juan Pardo de Tavera held both important ecclesiastical and political offices under Charles V, being active among other things as Grand Inquisitor and government chief of Castile.	Who was active among other things as Grand Inquisitor and government chief of Castile?	Juan Pardo de Tavera
		He founded in 1541 the Hospital de San Juan Bautista.	When did Juan Pardo de Tavera found the Hospital de San Juan Bautista?	in 1541
21949-4lastsu3.jpg	"Leonardo's painting of the Last Supper was constructed symmetrically according to the laws of central perspective, with a main figure, Jesus, in the centre. He is physically and psychologically isolated from the other figures and with his hands is pointing to the bread and wine, making the introduction of the Eucharist the central event. In Leonardo's conception, the other figures are reacting directly to Jesus, and at the same time, some of them are coming into contact with each other.James the Great, whose mouth is opened in astonishment, is sitting on the right next to Jesus, and spreading out his arms as if trying to say to the two disciples behind him, who are attempting to command the attention of Jesus with their eloquent gestures and the way they are pushing forward, that they should be quiet and listen.James the Less, the second from the left, places his hand on Peter's back, while Andrew next to him is still holding his hands before him and speaking, but his eyes are already seeking out Jesus. Peter and John are facing each other deep in conversation, just like the group of three on the far right who still seem to be animatedly discussing the previous announcement of the existence of a traitor.That this announcement has indeed already taken place is proven by the behaviour of John and Peter. In contrast with the usual manner of depiction, in which John is lying against Christ's chest, here Leonardo refers to the Gospel of St John (13:24): ""Simon Peter therefore beckoned to him, that he should ask who it should be of whom he spake.""By combining these two apostles into a group with Judas in this manner, Leonardo was distancing himself from the traditional scheme of depiction used for Last Suppers, according to which Peter and John sat to the right and left of Jesus. In contrast to the other apostles, however, he characterized them so clearly that they are identifiable to the observer. He identified Peter by means of the threatening dagger that he would, at dawn, use to cut off the ear of Malchus, one of the soldiers arresting Jesus.John, the favourite disciple, is wearing red and blue garments as is Jesus, and is seated at his right hand, the most honourable place. But Judas above all was clearly characterized by Leonardo, for he was not, as was customary, placed in the centre of the picture in front of the table, but placed amongst the row of disciples. He is identified by means of several motifs such as his reaching for the bread, the purse containing the reward for his treachery and the knocking over of a saltcellar, a sign of misfortune. Leonardo even formally expressed his isolation from the group by depicting him as the only one whose upper body is leaning against the table, shrinking back from Jesus"			
		He identified Peter by means of the threatening dagger that he would, at dawn, use to cut off the ear of Malchus, one of the soldiers arresting Jesus.	Who was Malchus?	one of the soldiers arresting Jesus
		In Leonardo's conception, the other figures are reacting directly to Jesus, and at the same time, some of them are coming into contact with each other.	Who are the other figures reacting directly to?	to Jesus
		``Leonardo's painting of the Last Supper was constructed symmetrically according to the laws of central perspective, with a main figure, Jesus, in the center.	What was Jesus?	the main figure
		He is physically and psychologically isolated from the other figures and with his hands is pointing to the bread and wine, making the introduction of the Eucharist the central event.	What is Jesus with pointing to the bread and wine?	with his hands
		He identified Peter by means of the threatening dagger that he would, at dawn, use to cut off the ear of Malchus, one of the soldiers arresting Jesus.	What did Jesus identify Peter by means of the threatening dagger that he would use to cut off?	the ear of Malchus
		He is physically and psychologically isolated from the other figures and with his hands is pointing to the bread and wine, making the introduction of the Eucharist the central event.	Who with his hands is pointing to the bread and wine?	Jesus
03093-calvary.jpg	Traditionally the painting was ascribed to Pieter Bruegel the Elder, however, now Baltens' authorship is fully recognised. The composition was probably inspired, but only in the broadest of outlines, by Pieter Bruegel's painting of this subject, dated 1564, now in Vienna, Kunsthistorisches Museum, which Baltens must have known in Antwerp			
		The composition was probably inspired, but only in the broadest of outlines, by Pieter Bruegel's painting of this subject, dated 1564, now in Vienna, Kunsthistorisches Museum, which Baltens must have known in Antwerp	Who must Kunsthistorisches Museum have known in Antwerp?	Baltens
		Traditionally the painting was ascribed to Pieter Bruegel the Elder, however, now Baltens ' authorship is fully recognized.	What was ascribed to Pieter Bruegel the Elder?	the painting
		The composition was probably inspired, but only in the broadest of outlines, by Pieter Bruegel's painting of this subject, dated 1564, now in Vienna, Kunsthistorisches Museum, which Baltens must have known in Antwerp	Where must Baltens Kunsthistorisches Museum have known?	in Antwerp
		The composition was probably inspired, but only in the broadest of outlines, by Pieter Bruegel's painting of this subject, dated 1564, now in Vienna, Kunsthistorisches Museum, which Baltens must have known in Antwerp	What was probably inspired?	the composition
		The composition was probably inspired, but only in the broadest of outlines, by Pieter Bruegel's painting of this subject, dated 1564, now in Vienna, Kunsthistorisches Museum, which Baltens must have known in Antwerp	What must Baltens Kunsthistorisches Museum have known in?	in Antwerp
		The composition was probably inspired, but only in the broadest of outlines, by Pieter Bruegel's painting of this subject, dated 1564, now in Vienna, Kunsthistorisches Museum, which Baltens must have known in Antwerp	What must Baltens have known in Antwerp?	Kunsthistorisches Museum
20320-mountain.jpg	The painting represents a mountain landscape with a hunting party			
		The painting represents a mountain landscape with a hunting party	What does the painting represent?	a mountain landscape with a hunting party
		The painting represents a mountain landscape with a hunting party	What represents a mountain landscape with a hunting party?	the painting
08705-pieta.jpg	The figures, which might have been taken from Gothic sculpture, are placed before a chased golden background. To the left of the middle distance is the view of a small town with spires, to the right austere mountains. The suffering figure of the Virgin dominates the painting. No longer young, her pallid face is immobile in its grief. Her blue mantle covers her head, revealing a white veil, and spreads out in huge folds to her feet. In a strange pose, the back arched, the body rigid, Christ, a white cloth wrapped across his loins, appears to be floating on her lap. A young St John bends in loving tenderness above him, with the kneeling donor beside St John. On the right the mourning, pitiful figure of St Mary Magdalen completes the diagonal line arching over the Virgin and St John to the donor. The yellow-lined red cloak of the Magdalen extends around her in a great curve. Her left hand holds the vase of ointment, with the right she presses the edge of her cloak to her eye.Its concentrated emotion, dramatic force and religious content make this painting the supreme manifestation in mediaeval art of the tragedy of Christ, only softened by the tender expression on St John's face. The Virgin's sorrow is profound and austere, almost unbending; the Magdalen's is softer, more womanly. This masterpiece has been claimed for many schools, including the Catalan and Portuguese, but it seems almost certain that the painter was the French Charonton. With this work the master enriched French and European painting with one of the finest representations of the Piet&#224; in existence			
		Her left hand holds the vase of ointment, with the right she presses the edge of her cloak to her eye.	What does St Mary Magdalen's left hand hold?	the vase of ointment
		The figures, which might have been taken from Gothic sculpture, are placed before a chased golden background.	What did a chase?	golden background
		The figures, which might have been taken from Gothic sculpture, are placed before a chased golden background.	What might have been taken from Gothic sculpture?	the figures
		This masterpiece has been claimed for many schools, including the Catalan and Portuguese, but it seems almost certain that the painter was the French Charonton.	What has been claimed for many schools?	this masterpiece
		Its concentrated emotion, dramatic force and religious content make this painting the supreme manifestation in mediaeval art of the tragedy of Christ, only softened by the tender expression on St John's face.	What was Christ only softened by?	by the tender expression on St John's face
		This masterpiece has been claimed for many schools, including the Catalan and Portuguese, but it seems almost certain that the painter was the French Charonton.	What seems almost certain that the painter was the French Charonton?	this masterpiece
07640-descent.jpg	The painting was executed for the church of San Felipe Reale in Madrid.The artist was an Italian painter of religious subjects who settled in Spain and was one of the first to work in a Baroque style there. He was the elder brother of Vicente Carducho			
		He was the elder brother of Vicente Carducho	Who was the artist the elder brother of?	of Vicente Carducho
		The artist was an Italian painter of religious subjects who settled in Spain and was one of the first to work in a Baroque style there.	Who was an Italian painter of religious subjects who settled in Spain?	the artist
		The artist was an Italian painter of religious subjects who settled in Spain and was one of the first to work in a Baroque style there.	Who was one of the first to work in a Baroque style there?	the artist
		The artist was an Italian painter of religious subjects who settled in Spain and was one of the first to work in a Baroque style there.	What was the artist one of to work in a Baroque style there?	of the first
		He was the elder brother of Vicente Carducho	Who was the elder brother of Vicente Carducho?	the artist
		The artist was an Italian painter of religious subjects who settled in Spain and was one of the first to work in a Baroque style there.	What was the artist to work in a Baroque style there?	one of the first
39738-04organ.jpg	This is another original version of the Venus and Cupid theme, this time showing the young Philip II playing the organ. These paintings of Venus are not based on any mythological theme. It has been suggested that a possible explanation for the exceptional combination of a contemporary (in this case even identifiable) person and a naked woman would be an allegory of the senses. The naked skin, the beauty of the scene, and the sound of the organ could represent the senses of touch, sight and hearing			
		These paintings of Venus are not based on any mythological theme.	What are not based on any mythological theme?	these paintings of Venus
		It has been suggested that a possible explanation for the exceptional combination of a contemporary (in this case even identifiable) person and a naked woman would be an allegory of the senses.	What has been suggested that a possible explanation for the exceptional combination of a contemporary person and a naked woman would be an allegory of the senses?	this
		This is another original version of the Venus and Cupid theme, this time showing the young Philip II playing the organ.	When is the Venus and Cupid theme?	this time showing the young Philip II playing the organ
		The naked skin, the beauty of the scene, and the sound of the organ could represent the senses of touch, sight and hearing	What could represent the senses of touch?	the naked skin and the sound of the organ
		The naked skin, the beauty of the scene, and the sound of the organ could represent the senses of touch, sight and hearing	What could the naked skin and the sound of the organ represent?	the senses of touch
		The naked skin, the beauty of the scene, and the sound of the organ could represent the senses of touch, sight and hearing	What could the naked skin and the sound of the organ represent the senses of?	of touch
29467-canal_mo.jpg	Aert Van der Neer painted his first moonlit landscape in 1643 and his mastery of this genre established him as one of the most innovative Dutch landscape painters of the 17th century. His mature style of depicting the light of the moon diffused and reflected across a monochrome landscape allowed for a continuation of elements from his tonal period of the previous decades			
		Aert Van der Neer painted his first moonlit landscape in 1643 and his mastery of this genre established him as one of the most innovative Dutch landscape painters of the 17th century.	What established him as one of the most innovative Dutch landscape painters of the 17th century?	Aert Van der Neer's mastery of this genre
		His mature style of depicting the light of the moon diffused and reflected across a monochrome landscape allowed for a continuation of elements from his tonal period of the previous decades	When did Aert Van der Neer's mature style of depicting the light of the moon reflected across a monochrome landscape allow for a continuation of elements?	from his tonal period of the previous decades
		His mature style of depicting the light of the moon diffused and reflected across a monochrome landscape allowed for a continuation of elements from his tonal period of the previous decades	Whose mature style of depicting the light of the moon diffused allowed for a continuation of elements from his tonal period of the previous decades?	Aert Van der Neer's mature style of depicting the light of the moon diffused
		Aert Van der Neer painted his first moonlit landscape in 1643 and his mastery of this genre established him as one of the most innovative Dutch landscape painters of the 17th century.	What did Aert Van der Neer paint in 1643?	his first moonlit landscape
		His mature style of depicting the light of the moon diffused and reflected across a monochrome landscape allowed for a continuation of elements from his tonal period of the previous decades	Whose mature style of depicting the light of the moon reflected across a monochrome landscape allowed for a continuation of elements from his tonal period of the previous decades?	Aert Van der Neer's mature style of depicting the light of the moon reflected across a monochrome landscape
		Aert Van der Neer painted his first moonlit landscape in 1643 and his mastery of this genre established him as one of the most innovative Dutch landscape painters of the 17th century.	Who painted his first moonlit landscape in 1643?	Aert Van der Neer
39546-newspape.jpg	The paintings and pastels of Tissot were invariably meticulously drawn, dryly painted, yet often effectively composed, and charmingly anecdotal. Recently they have enjoyed a revival on the art market and among scholars			
		The paintings and pastels of Tissot were invariably meticulously drawn, dryly painted, yet often effectively composed, and charmingly anecdotal.	What were invariably meticulously drawn, dryly painted, yet often effectively composed, and charmingly anecdotal?	the paintings and pastels of Tissot
21388-odysseus.jpg	King-Stadholder Willem III, one of the chief patrons at the end of the 17th century, commissioned from Gï¿½rard de Lairesse mythological love stories for the bedroom in his Soestdijk hunting lodge. Odysseus and Calypso belonged to this group of paintings			
		Odysseus and Calypso belonged to this group of paintings	What did Odysseus and Calypso belong to?	to this group of paintings
		King-Stadholder Willem III, one of the chief patrons at the end of the 17th century, commissioned from Grard de Lairesse mythological love stories for the bedroom in his Soestdijk hunting lodge.	What commissioned from Grard de Lairesse mythological love stories for the bedroom in his Soestdijk hunting lodge?	King-Stadholder Willem III
		King-Stadholder Willem III, one of the chief patrons at the end of the 17th century, commissioned from Grard de Lairesse mythological love stories for the bedroom in his Soestdijk hunting lodge.	Who did King-Stadholder Willem III commission from mythological love stories for the bedroom in his Soestdijk hunting lodge?	from Grard de Lairesse
		King-Stadholder Willem III, one of the chief patrons at the end of the 17th century, commissioned from Grard de Lairesse mythological love stories for the bedroom in his Soestdijk hunting lodge.	Who was King-Stadholder Willem III one of?	of the chief patrons at the end of the 17th century
		King-Stadholder Willem III, one of the chief patrons at the end of the 17th century, commissioned from Grard de Lairesse mythological love stories for the bedroom in his Soestdijk hunting lodge.	What did King-Stadholder Willem III commission from Grard de Lairesse?	mythological love stories for the bedroom in his Soestdijk hunting lodge
		King-Stadholder Willem III, one of the chief patrons at the end of the 17th century, commissioned from Grard de Lairesse mythological love stories for the bedroom in his Soestdijk hunting lodge.	What did King-Stadholder Willem III commission from Grard de Lairesse lodge?	mythological love stories for the bedroom in his Soestdijk hunting
12035-painstud.jpg	It is assumed that the painter represented in the picture is Rembrandt, the master of Dou			
		It is assumed that the painter represented in the picture is Rembrandt, the master of Dou	Who is Rembrandt the master of?	of Dou
		It is assumed that the painter represented in the picture is Rembrandt, the master of Dou	Who is Rembrandt?	the master of Dou
		It is assumed that the painter represented in the picture is Rembrandt, the master of Dou	What is assumed that the painter represented in the picture is Rembrandt?	it
		It is assumed that the painter represented in the picture is Rembrandt, the master of Dou	Who is the master of Dou?	Rembrandt
21190-cpucine.jpg	Korovin was surely the purest Russian Impressionist, the closest to the French spirit, which his several visits to western Europe after 1885 familiarized him with. His Paris street scenes, lush still-lifes, and pictures of holidaymakers on the Crimean coast, all show him to have been in love with the colours and beauty of the world			
		Korovin was surely the purest Russian Impressionist, the closest to the French spirit, which his several visits to western Europe after 1885 familiarized him with.	What familiarized the French spirit him with?	Korovin's several visits to western Europe after 1885
		His Paris street scenes, lush still-lifes, and pictures of holidaymakers on the Crimean coast, all show him to have been in love with the colors and beauty of the world	What do all show Korovin to have been in?	in love with the colors and beauty of the world
		His Paris street scenes, lush still-lifes, and pictures of holidaymakers on the Crimean coast, all show him to have been in love with the colors and beauty of the world	What show Korovin to have been in love with the colors and beauty of the world?	all
		Korovin was surely the purest Russian Impressionist, the closest to the French spirit, which his several visits to western Europe after 1885 familiarized him with.	Who was surely the purest Russian Impressionist?	Korovin
		His Paris street scenes, lush still-lifes, and pictures of holidaymakers on the Crimean coast, all show him to have been in love with the colors and beauty of the world	Who do all show to have been in love with the colors and beauty of the world?	Korovin
		Korovin was surely the purest Russian Impressionist, the closest to the French spirit, which his several visits to western Europe after 1885 familiarized him with.	What was Korovin surely?	the purest Russian Impressionist
36091-4absalo1.jpg	The large scene on the long wall opposite to the battle scene depicts the Death of David's son, Absalom. The Bible characterizes Absalom as the handsomest man in all Israel, and Salviati quotes here the classical model of male beauty, the Apollo Belvedere.In the small image above the scene, Salviati depicts David Plays the Harp. Not shown in the present picture are two further scenes on this wall, David Speaks to the Army, and David Learns Absalom's Death, to the left and to the right of the main scene, respectively			
		The Bible characterizes Absalom as the handsomest man in all Israel, and Salviati quotes here the classical model of male beauty, the Apollo Belvedere.	Who quotes here the classical model of male beauty?	Salviati
		The large scene on the long wall opposite to the battle scene depicts the Death of David's son, Absalom.	What does the large scene on the long wall opposite to the battle scene depict?	the Death of David's son
		The Bible characterizes Absalom as the handsomest man in all Israel, and Salviati quotes here the classical model of male beauty, the Apollo Belvedere.	Who does the Bible characterize Absalom as?	as the handsomest man in all Israel
		The large scene on the long wall opposite to the battle scene depicts the Death of David's son, Absalom.	Who does the large scene on the long wall opposite to the battle scene depict the Death of?	of David's son
		The large scene on the long wall opposite to the battle scene depicts the Death of David's son, Absalom.	Whose son does the large scene on the long wall opposite to the battle scene depict the Death of?	of David's son
		In the small image above the scene, Salviati depicts David Plays the Harp.	Who does Salviati depict in the small image above the scene?	David Plays the Harp
20109-44hooch.jpg	Pieter de Hooch depicts for us incidents in the daily lives of women at home with their children: the mother watching over the cradle, serving her family at table, reading a letter or working in her kitchen. Some of his paintings show guests arriving in a spotlessly clean room or courtyard, taking a glass of wine, listening to music or conversing together. The keynote of every single picture is an intimate simplicity; the painter conducts us into a calm and quiet world, both clean and orderly, inhabited by the well-to-do. Patrons, whose preference was for something livelier, for gay and colourful peasant scenes, bought pictures by the Ostades, Jan Steen or Jan Miense Molenaer, but de Hooch was popular in the narrower circle of those who appreciated his distinctive approach and delicacy of execution. The magic of his works lies not so much in his subjects as in the means by which he interpreted them: the lucid and balanced composition, the feeling of space and the warm glow of his colours.The sunlight streaming through the window suggests early afternoon. Reflected light and soft shadows are intermingled on the oriental rug spread over the table, the leather-backed chairs, the curtain and the lead-framed window-panes. It seems as if the quiet would be hardly broken by any sounds from far or near. The act of reading by the young woman sitting in a corner of the room is just as objectively portrayed. The atmosphere of intimacy is absolute, emanating alike from the lady and the objects included in the composition			
		The atmosphere of intimacy is absolute, emanating alike from the lady and the objects included in the composition	What is absolute?	the atmosphere of intimacy
		The atmosphere of intimacy is absolute, emanating alike from the lady and the objects included in the composition	Who does the atmosphere of intimacy emanate alike from?	from the lady and the objects included in the composition
		Some of his paintings show guests arriving in a spotlessly clean room or courtyard, taking a glass of wine, listening to music or conversing together.	What show guests arriving in a spotlessly clean room or courtyard, taking a glass of wine, listening to music or conversing together?	some of his paintings
		The keynote of every single picture is an intimate simplicity; the painter conducts us into a calm and quiet world, both clean and orderly, inhabited by the well-to-do.	What is an intimate simplicity?	the keynote of every single picture
		The atmosphere of intimacy is absolute, emanating alike from the lady and the objects included in the composition	What emanates alike from the lady and the objects included in the composition?	the atmosphere of intimacy
		The keynote of every single picture is an intimate simplicity; the painter conducts us into a calm and quiet world, both clean and orderly, inhabited by the well-to-do.	What is the keynote of every single picture?	an intimate simplicity
09651-03barber.jpg	The centre part of the ceiling fresco shows Divina Providentia surrounded by virtues, below them the Parcae and Chronos. Above Providentia is Immortalitas with a crown of stars. The three theological virtues Faith, Hope, and Love are shaping a laurel wreath around the Barberini bees crowned by Religio with the keys and Roma with the papal tiara			
		The three theological virtues Faith, Hope, and Love are shaping a laurel wreath around the Barberini bees crowned by Religio with the keys and Roma with the papal tiara	What are the three theological virtues Faith, Hope, and Love shaping a laurel wreath around?	around the Barberini bees crowned by Religio with the keys and Roma with the papal tiara
		The three theological virtues Faith, Hope, and Love are shaping a laurel wreath around the Barberini bees crowned by Religio with the keys and Roma with the papal tiara	What are the three theological virtues Faith, Hope, and Love shaping around the Barberini bees crowned by Religio with the keys and Roma with the papal tiara?	a laurel wreath
		The center part of the ceiling fresco shows Divina Providentia surrounded by virtues, below them the Parcae and Chronos.	What shows Divina Providentia surrounded by virtues the Parcae and Chronos?	the center part of the ceiling fresco
		The center part of the ceiling fresco shows Divina Providentia surrounded by virtues, below them the Parcae and Chronos.	Who does the center part of the ceiling fresco show?	Divina Providentia surrounded by virtues the Parcae and Chronos
		Above Providentia is Immortalitas with a crown of stars.	What is Above Providentia Immortalitas with?	with a crown of stars
		The three theological virtues Faith, Hope, and Love are shaping a laurel wreath around the Barberini bees crowned by Religio with the keys and Roma with the papal tiara	What are shaping a laurel wreath around the Barberini bees crowned by Religio with the keys and Roma with the papal tiara?	the three theological virtues Faith, Hope, and Love
12270-verso14.jpg	The picture shows one of the 26 narrative scenes from the Stories of the Passion on the reverse side of the Maest&#224;. It is situated in the upper row on the left side below the scene of Pilate's Second Interrogation of Christ.Pilate, on learning that Jesus belonged to the jurisdiction of Herod, sent the prisoner to the king to be judged by him. After questioning Jesus and treating him with ridicule and contempt, Herod sent him back to the Roman governor dressed in a conspicuous garment, the white robe that distinguished lunatics. Action proceeds from the bottom upwards; in the lower scene a servant is holding out to Christ the robe which in the upper scene he is already wearing			
		The picture shows one of the 26 narrative scenes from the Stories of the Passion on the reverse side of the Maest &#224;.	What shows one of the 26 narrative scenes from the Stories of the Passion on the reverse side of the Maest &#224;?	the picture
		Action proceeds from the bottom upwards; in the lower scene a servant is holding out to Christ the robe which in the upper scene he is already wearing	Who is a servant holding out to the robe which in the upper scene he is already wearing in the lower scene?	to Christ
		Pilate, on learning that Jesus belonged to the jurisdiction of Herod, sent the prisoner to the king to be judged by him.	Who was on learning that Jesus belonged to the jurisdiction of Herod?	pilate
		It is situated in the upper row on the left side below the scene of Pilate's Second Interrogation of Christ.	What is the picture situated in on the left side below the scene of Pilate's Second Interrogation of Christ?	in the upper row
		Action proceeds from the bottom upwards; in the lower scene a servant is holding out to Christ the robe which in the upper scene he is already wearing	Who does Action proceed from?	from the bottom upwards
		Action proceeds from the bottom upwards; in the lower scene a servant is holding out to Christ the robe which in the upper scene he is already wearing	Who is holding out to Christ the robe which in the upper scene he is already wearing in the lower scene?	a servant
23200-43monaco.jpg	Lorenzo's paintings of events from the life of the Virgin in the Bartolini-Salimbeni Chapel was commissioned by the Bartolini family. They cover an earlier fresco cycle by Spinello Aretino believed to have been commissioned by Bartolomeo Salimbeni in 1390.The painted architecture of the frescoes extends over the entire narrative, stepping back along sharp diagonals, while the row of figures moves in a gradual diagonal back into space			
		The painted architecture of the frescoes extends over the entire narrative, stepping back along sharp diagonals, while the row of figures moves in a gradual diagonal back into space	What steps back along sharp diagonals?	the painted architecture of the frescoes
		They cover an earlier fresco cycle by Spinello Aretino believed to have been commissioned by Bartolomeo Salimbeni in 1390.	What cover an earlier fresco cycle by Spinello Aretino believed to have been commissioned by Bartolomeo Salimbeni in 1390?	Lorenzo's paintings of events from the life of the Virgin in the Bartolini-Salimbeni Chapel
		The painted architecture of the frescoes extends over the entire narrative, stepping back along sharp diagonals, while the row of figures moves in a gradual diagonal back into space	What extends over the entire narrative?	the painted architecture of the frescoes
		They cover an earlier fresco cycle by Spinello Aretino believed to have been commissioned by Bartolomeo Salimbeni in 1390.	Whose paintings of events from the life of the Virgin in the Bartolini-Salimbeni Chapel cover an earlier fresco cycle by Spinello Aretino believed to have been commissioned by Bartolomeo Salimbeni in 1390?	Lorenzo's paintings of events from the life of the Virgin in the Bartolini-Salimbeni Chapel
		Lorenzo's paintings of events from the life of the Virgin in the Bartolini-Salimbeni Chapel was commissioned by the Bartolini family.	What was commissioned by the Bartolini family?	Lorenzo's paintings of events from the life of the Virgin in the Bartolini-Salimbeni Chapel
		They cover an earlier fresco cycle by Spinello Aretino believed to have been commissioned by Bartolomeo Salimbeni in 1390.	When do Lorenzo's paintings of events from the life of the Virgin in the Bartolini-Salimbeni Chapel cover by Spinello Aretino believed to have been commissioned by Bartolomeo Salimbeni in 1390?	an earlier fresco cycle
14896-ulysses.jpg	The subject is taken from Ovid's Metamorphoses. Knowing her son was destined to die if he went to fight in the Trojan war, Thethis, a sea nymph, disguised Achilles as a woman and entrusted him to King Lycomedes, in whose palace on the isle of Scyros he lived among the king's daughters. Odysseus and other Greek chieftains were sent to fetch Achilles. They cunningly laid a heap of gifts before the girls - jewellery, clothes and other finery, but among them a sword, spear and shield. When a trumpet was sounded, Achilles instinctively snatched up the weapons and thus betrayed his identity.Doric columns and a peristyle create perspective in Gauffrier's painting and dramatically emphasise the contrast of light and shade in the picture			
		They cunningly laid a heap of gifts before the girls- jewellery, clothes and other finery, but among them a sword, spear and shield.	Who cunningly laid a heap of gifts before the girls- jewellery, clothes and other finery?	odysseus and other Greek chieftains
		They cunningly laid a heap of gifts before the girls- jewellery, clothes and other finery, but among them a sword, spear and shield.	What cunningly laid a heap of gifts before the girls- jewellery, clothes and other finery?	they
		When a trumpet was sounded, Achilles instinctively snatched up the weapons and thus betrayed his identity.	Who instinctively snatched up the weapons?	Achilles
		Doric columns and a peristyle create perspective in Gauffrier's painting and dramatically emphasise the contrast of light and shade in the picture	What dramatically emphasise the contrast of light and shade in the picture?	doric columns and a peristyle
		Doric columns and a peristyle create perspective in Gauffrier's painting and dramatically emphasise the contrast of light and shade in the picture	What do doric columns and a peristyle dramatically emphasise?	the contrast of light and shade in the picture
		When a trumpet was sounded, Achilles instinctively snatched up the weapons and thus betrayed his identity.	What did Achilles instinctively snatch up?	the weapons
10183-3samson1.jpg	The story of Samson and Delilah is one of the biblical and classical subjects that were seen to exemplify the power or wiles of women and as such were popular in medieval and Renaissance art and literature. The theme presented an admonitory and often  humorous inversion of the male dominated sexual hierarchy. Lucas Cranach the Elder was the first northern artist to treat many of these subjects, found previously only in the decorative and graphic arts, in the elevated medium of panel painting.The basic compositional model for the present painting was Lucas van Leyden's woodcut of about 1514.			
		The theme presented an admonitory and often humorous inversion of the male dominated sexual hierarchy.	What did the theme present an admonitory and often humorous inversion of?	of the male dominated sexual hierarchy
		The story of Samson and Delilah is one of the biblical and classical subjects that were seen to exemplify the power or wiles of women and as such were popular in medieval and Renaissance art and literature.	What is the story of Samson and Delilah one of that were seen to exemplify the power or wiles of women?	of the biblical and classical subjects
		Lucas Cranach the Elder was the first northern artist to treat many of these subjects, found previously only in the decorative and graphic arts, in the elevated medium of panel painting.	What were found previously only in the decorative and graphic arts?	the subjects
		The basic compositional model for the present painting was Lucas van Leyden's woodcut of about 1514.	What was the basic compositional model for the present painting?	Lucas van Leyden's woodcut of about 1514
		The basic compositional model for the present painting was Lucas van Leyden's woodcut of about 1514.	What was the basic compositional model for the present painting Lucas van Leyden's woodcut of?	of about 1514
		The story of Samson and Delilah is one of the biblical and classical subjects that were seen to exemplify the power or wiles of women and as such were popular in medieval and Renaissance art and literature.	What is the story of Samson and Delilah one of as such were popular in medieval and Renaissance art and literature?	of the biblical and classical subjects
08845-01john1.jpg	The elegant painted architecture is a continuation of the real structure of the panel. The Baptist, in the centre, emphasizes the vertical axis around which the whole scene is organized, with pair of saints arranged symmetrically at the sides			
		The Baptist, in the center, emphasizes the vertical axis around which the whole scene is organized, with pair of saints arranged symmetrically at the sides	Who is in the center?	the Baptist
		The Baptist, in the center, emphasizes the vertical axis around which the whole scene is organized, with pair of saints arranged symmetrically at the sides	Where is the Baptist?	in the center
		The elegant painted architecture is a continuation of the real structure of the panel.	What is a continuation of the real structure of the panel?	the elegant painted architecture
		The Baptist, in the center, emphasizes the vertical axis around which the whole scene is organized, with pair of saints arranged symmetrically at the sides	What does the Baptist emphasize around which the whole scene is organized?	the vertical axis
		The elegant painted architecture is a continuation of the real structure of the panel.	What is the elegant painted architecture?	a continuation of the real structure of the panel
		The Baptist, in the center, emphasizes the vertical axis around which the whole scene is organized, with pair of saints arranged symmetrically at the sides	What is the Baptist in?	in the center
23406-seascape.jpg	In this painting Philippe Jacques de Loutherbourg who modelled himself on the marine painter Claude Joseph Vernet. The entire left half of the painting is taken up by craggy, towering cliffs with a fortress set prominently on their steep slopes and by a distant town. On the right-hand side, there is a view of a Dutch frigate, behind which the seascape dissolves in the hazy southern atmosphere and the setting sun. In the foreground, a number of fishermen, engaged in various activities, give the painting the necessary natural touch			
		In the foreground, a number of fishermen, engaged in various activities, give the painting the necessary natural touch	What do a number of fishermen give the painting the necessary natural touch in?	in the foreground
		The entire left half of the painting is taken up by craggy, towering cliffs with a fortress set prominently on their steep slopes and by a distant town.	What is the entire left half of the painting taken up by craggy, towering cliffs with?	with a fortress set prominently on their steep slopes
		The entire left half of the painting is taken up by craggy, towering cliffs with a fortress set prominently on their steep slopes and by a distant town.	What the entire left half of the painting is by?	by a distant town
		In this painting Philippe Jacques de Loutherbourg who modelled himself on the marine painter Claude Joseph Vernet.	What did Philippe Jacques de Loutherbourg who model himself on the marine painter Claude Joseph Vernet in?	in this painting
		The entire left half of the painting is taken up by craggy, towering cliffs with a fortress set prominently on their steep slopes and by a distant town.	What is by a distant town?	the entire left half of the painting
		In the foreground, a number of fishermen, engaged in various activities, give the painting the necessary natural touch	What was the number engaged in?	in various activities
34189-jerom.jpg	This type of St Jerome appears frequently in Ribera's early works, and the subject as well as the painting technique indicate that Ribera executed it after settling inNaples in 1616. In the present painting St Jerome, immersed in the translation of the Vulgate, is depicted in a balanced and perfectly proportioned composition. The fall of light masterfully outlines the contours of the figure, the virtuoso brushwork is quick and brilliant			
		The fall of light masterfully outlines the contors of the figure, the virtuoso brushwork is quick and brilliant	What does the fall of light masterfully outline the contors of?	of the figure
		This type of St Jerome appears frequently in Ribera's early works, and the subject as well as the painting technique indicate that Ribera executed it after settling inNaples in 1616.	What appears frequently in Ribera's early works, and the subject as well as the painting technique indicate that Ribera executed it after settling inNaples in 1616?	this type of St Jerome
		The fall of light masterfully outlines the contors of the figure, the virtuoso brushwork is quick and brilliant	When masterfully outlines the contors of the figure?	the fall of light
		The fall of light masterfully outlines the contors of the figure, the virtuoso brushwork is quick and brilliant	Who does the fall of light masterfully outline?	the contors of the figure
		In the present painting St Jerome, immersed in the translation of the Vulgate, is depicted in a balanced and perfectly proportioned composition.	What is St Jerome depicted in a balanced and perfectly proportioned composition in?	in the present painting
		In the present painting St Jerome, immersed in the translation of the Vulgate, is depicted in a balanced and perfectly proportioned composition.	What is St Jerome depicted in in the present painting?	in a balanced and perfectly proportioned composition
14401-pieta.jpg	This painting represents Christ in the arms of Mary. Sharing the mother's grief are also Mary Magdalen, Joseph of Arimathea, Nicodemus and the apostle John, together with a pious woman			
		This painting represents Christ in the arms of Mary.	What represents Christ in the arms of Mary?	this painting
00853-39_ador.jpg	This is the fresco on the wall of Cell 39 of the Convento di San Marco in Florence.One cell at the end of the corridor for lay brothers was distinguished by its occupant and size. It was intended for Cosimo de' Medici, who belonged to the community by virtue of his patronage. His room, in fact, was a double cell (Cells 38 and 39), in which the superimposed chambers were joined by a short flight of stairs. Of all the cells along this corridor, Cosimo's was the most spacious and elaborately decorated. On the entrance wall of the lower room (Cell 38) Fra Angelico painted the crucified Christ against a ground of costly lapis lazuli, rather than the bare plaster background found in the other cells. The inscribed haloes identify the saints kneeling alongside the Virgin as Cosmas, Peter martyr and John the Evangelist, protectors of Cosimo, his oldest son, and his father, Giovanni di Bicci.The Adoration of the Magi and the image of Christ as Man of Sorrows in the recessed tabernacle below met Cosimo's gaze once he ascended the stairs to Cell 39. Benozzo Gozzoli, whose style closely resembled that of Angelico, and an assistant painted these frescoes, as shown by the slightly awkward stance and proportions of some of the figures as well as by their linear, closely spaced facial features			
		One cell at the end of the corridor for lay brothers was distinguished by its occupant and size.	Who was one cell at the end of the corridor for lay brothers distinguished by?	by its occupant and size
		The inscribed haloes identify the saints kneeling alongside the Virgin as Cosmas, Peter martyr and John the Evangelist, protectors of Cosimo, his oldest son, and his father, Giovanni di Bicci.	Who is John the Evangelist?	protectors of Cosimo, Fra Angelico's oldest son, and his father
		Of all the cells along this corridor, Cosimo's was the most spacious and elaborately decorated.	What was Cosimo's the most spacious and elaborately decorated of?	of all the cells along this corridor
		It was intended for Cosimo de ' Medici, who belonged to the community by virtue of his patronage.	What did Cosimo de ' Medici belong to the community by?	by virtue of Florence's patronage
		His room, in fact, was a double cell (Cells 38 and 39), in which the superimposed chambers were joined by a short flight of stairs.	What was Florence's room in?	in fact
		It was intended for Cosimo de ' Medici, who belonged to the community by virtue of his patronage.	What belonged to the community by virtue of Florence's patronage?	Cosimo de ' Medici
21250-barbier.jpg	The sitter of this portrait is the wife of the painter Jacques-Luc Barbier-Walbonne (1769-1860), a pupil of Jacques-Louis David			
		The sitter of this portrait is the wife of the painter Jacques-Luc Barbier-Walbonne, a pupil of Jacques-Louis David	Who is the painter Jacques-Luc Barbier-Walbonne?	a pupil of Jacques-Louis David
		The sitter of this portrait is the wife of the painter Jacques-Luc Barbier-Walbonne, a pupil of Jacques-Louis David	Who is the wife of the painter Jacques-Luc Barbier-Walbonne?	the sitter of this portrait
		The sitter of this portrait is the wife of the painter Jacques-Luc Barbier-Walbonne, a pupil of Jacques-Louis David	Who is a pupil of Jacques-Louis David?	the painter Jacques-Luc Barbier-Walbonne
		The sitter of this portrait is the wife of the painter Jacques-Luc Barbier-Walbonne, a pupil of Jacques-Louis David	Who is the painter Jacques-Luc Barbier-Walbonne a pupil of?	of Jacques-Louis David
38606-landscax.jpg	This pastoral genre piece depicts a shepherd and a shepherdess and their flock along a path in an extensive Arcadian landscape			
11268-202delac.jpg	Delacroix painted the Recumbent Odalisque, also known as Woman with a Parrot, on his return from England. Representing one of Delacroix's favourite models, Laure, it forms one of a series of nudes, which includes the Female Nude Reclining on a Divan in the Louvre and the Odalisque of the Fitzwilliam Museum, Cambridge. In their tonal refinement they emphasise the connections between Delacroix and Bonington			
		Delacroix painted the Recumbent Odalisque, also known as Woman with a Parrot, on his return from England.	Who painted the Recumbent Odalisque on his return from England?	Delacroix
		Delacroix painted the Recumbent Odalisque, also known as Woman with a Parrot, on his return from England.	Who was also known as Woman with a Parrot?	the Recumbent Odalisque
		Delacroix painted the Recumbent Odalisque, also known as Woman with a Parrot, on his return from England.	What did Delacroix paint the Recumbent Odalisque on?	on his return from England
		Delacroix painted the Recumbent Odalisque, also known as Woman with a Parrot, on his return from England.	Who did Delacroix paint on his return from England?	the Recumbent Odalisque
		Delacroix painted the Recumbent Odalisque, also known as Woman with a Parrot, on his return from England.	Who was the Recumbent Odalisque also known as with a Parrot?	as Woman
		Delacroix painted the Recumbent Odalisque, also known as Woman with a Parrot, on his return from England.	Who was the Recumbent Odalisque also known as Woman with?	with a Parrot
14968-tahiti14.jpg	Paul Gauguin was one of the leading French painters of the Postimpressionist period. He is noted for his imaginative subjects and expressive use of colour, in attempts to capture a more primitive emotion in his works. He professed an appreciation of exotic peoples, whom he believed to be innocent of modern civilization's woes			
		Paul Gauguin was one of the leading French painters of the Postimpressionist period.	Who was one of the leading French painters of the Postimpressionist period?	Paul Gauguin
		He professed an appreciation of exotic peoples, whom he believed to be innocent of modern civilization's woes	What did Paul Gauguin profess?	an appreciation of exotic peoples of modern civilization's woes
		Paul Gauguin was one of the leading French painters of the Postimpressionist period.	Who was Paul Gauguin?	one of the leading French painters of the Postimpressionist period
		He is noted for his imaginative subjects and expressive use of color, in attempts to capture a more primitive emotion in his works.	Who is noted for his imaginative subjects and expressive use of color?	Paul Gauguin
		Paul Gauguin was one of the leading French painters of the Postimpressionist period.	Who was Paul Gauguin one of?	of the leading French painters of the Postimpressionist period
		He professed an appreciation of exotic peoples, whom he believed to be innocent of modern civilization's woes	What did Paul Gauguin profess an appreciation of of modern civilization's woes?	of exotic peoples
07480-13fligh.jpg	"The story of the Holy Family's flight was one of the most popular apocryphal legends which survived the prohibitive decrees of the Council of Trent and often appeared in painting from the end of the sixteenth century. Caravaggio's idyllic painting is an individualistic representation of this.The artist ingeniously uses the figure of an angel playing the violin with his back to the viewer to divide the composition into two parts. On the right, before an autumnal river-front scene, we can see the sleeping Mary with a dozing infant in her left; on the left, a seated Joseph holding the musical score for the angel. The natural surroundings reminds the viewer of the Giorgionesque landscapes of the Cinquecento masters of Northern Italian painting, and it is fully imbued with a degree of nostalgia. Contrasting the unlikelihood of the event is the realistic effect of depiction, the accuracy of details, the trees, the leaves and stones, whereby the total impression becomes astonishingly authentic. The statue-like figure of the angel, with a white robe draped around him, is like a charmingly shaped musical motif, and it provides the basic tone for the composition. It is an interesting contradiction - and at the same time a good example for the adaptability of forms - that this figure of pure classical beauty is a direct descendant of Annibale Carracci's Luxuria from the painting ""The Choice of Heracles"".It has not been clearly decided what was the textual source for the music-playing angel in the story of the flight into Egypt. Charming is Caravaggio's decision to actively involve St Joseph in the music-making."			
		``The story of the Holy Family's flight was one of the most popular apocryphal legends which survived the prohibitive decrees of the Council of Trent and often appeared in painting from the end of the sixteenth century.	What was the story of the Holy Family's flight one of the most popular apocryphal legends which survived the prohibitive decrees of the Council of Trent and often appeared in painting from?	from the end of the sixteenth century
		The natural surroundings reminds the viewer of the Giorgionesque landscapes of the Cinquecento masters of Northern Italian painting, and it is fully imbued with a degree of nostalgia.	What does the natural surroundings remind the viewer of?	of the Giorgionesque landscapes of the Cinquecento masters of Northern Italian painting
		The statue-like figure of the angel, with a white robe draped around him, is like a charmingly shaped musical motif, and it provides the basic tone for the composition.	What provides the basic tone for the composition?	it
		Caravaggio's idyllic painting is an individualistic representation of this.	What is Caravaggio's idyllic painting?	an individualistic representation of this
		Contrasting the unlikelihood of the event is the realistic effect of depiction, the accuracy of details, the trees, the leaves and stones, whereby the total impression becomes astonishingly authentic.	What is depiction?	the accuracy of details whereby the total impression becomes astonishingly authentic
		Contrasting the unlikelihood of the event is the realistic effect of depiction, the accuracy of details, the trees, the leaves and stones, whereby the total impression becomes astonishingly authentic.	What are the trees?	details
31356-pastoral.jpg	This picture is an example of eighteenth century decorative taste. It shows the strong influence of the pastoral tradition popularised by Boucher in formulating idealised views			
		This picture is an example of eighteenth century decorative taste.	What is an example of eighteenth century decorative taste?	this picture
		It shows the strong influence of the pastoral tradition popularized by Boucher in formulating idealised views	What shows the strong influence of the pastoral tradition popularized by Boucher in formulating idealised views?	this picture
32820-37entom.jpg	Among the figurative components which Raphael drew from his Florentine experience, those which derive from Michelangelo seem most prevalent in his last Florentine works. The work in which Michelangelo's importance to Raphael becomes most evident is the Deposition (Entombment). The panel was painted in 1507 in Perugia for Atalanta Baglioni as a votive offering in memory of her son, Grifonetto, killed in a piazza in Perugia in the course of a family feud.The artist detaches himself both formally and iconographically from traditional representations of the scene. He does not depict the deposition itself, but the carrying of the dead Christ. The protagonists of the scene do not demonstrate their sorrow violently, but are reduced, through the Raphaelesque mode of feeling, to a sort of painful resignation. The vision of space is less geometric than the Florentine vision, and it appears freer and closer to nature. The influence of Michelangelo is strong, however, and can be perceived without doubt in the limp arm of Christ as well as in the female figure at the extreme right. The latter mirrors the figure of the Virgin in the Tondo Doni, which Michelangelo executed between 1504 and 1506. The formal vigour and sense of open space which characterize Michelangelo's painting certainly must have had a profound effect on Raphael.There are three compositions (Faith, Hope and Charity) of the predella executed in a delicate monochrome (today in the Vatican Museum). Both the main panel and the predella were carried from Perugia to Rome by Pope Paul V. They were replaced by copies in 1608. The painting was subsequently included among the works taken by the French troops and was exhibited in Paris in the Napoleonic Museum from 1797 to 1815 when, following the restitutions ordered by the Congress of Vienna, it was returned to Rome			
		The latter mirrors the figure of the Virgin in the Tondo Doni, which Michelangelo executed between 1504 and 1506.	What mirrors the figure of the Virgin in the Tondo Doni?	the latter
		The panel was painted in 1507 in Perugia for Atalanta Baglioni as a votive offering in memory of her son, Grifonetto, killed in a piazza in Perugia in the course of a family feud.	Who was Grifonetto?	her son
		The protagonists of the scene do not demonstrate their sorrow violently, but are reduced, through the Raphaelesque mode of feeling, to a sort of painful resignation.	Who are reduced?	the protagonists of the scene
		The influence of Michelangelo is strong, however, and can be perceived without doubt in the limp arm of Christ as well as in the female figure at the extreme right.	What can the influence of Michelangelo be perceived without in the limp arm of Christ as well as in the female figure at the extreme right?	without doubt
		The protagonists of the scene do not demonstrate their sorrow violently, but are reduced, through the Raphaelesque mode of feeling, to a sort of painful resignation.	Who do not demonstrate their sorrow violently?	the protagonists of the scene
		Both the main panel and the predella were carried from Perugia to Rome by Pope Paul V. They were replaced by copies in 1608.	What were both the main panel and the predella carried from Perugia to Rome by Pope Paul V. They were replaced by?	by copies in 1608
31428-04homag.jpg	There is a distinct break in the narrative before the fourth scene. In 1445 Piccolomini suffered a major spiritual crisis, and he turned away from his secular way of life. He became interested in effecting some kind of compromise between the emperor and the pope. Frederick III sent him to the papal court to urge Eugenius IV to convene a new council, and Piccolomini took that opportunity to beg the pope to forgive him for having strayed from the faith. The pope is seated on an elevated throne, flanked by cardinals. Enea Silvio, dressed in a splendid gold robe, has thrown himself at his feet. In the background in the portico on the left, there is an additional scene: the rueful Enea Silvio is consecrated as a priest			
		The pope is seated on an elevated throne, flanked by cardinals.	Who is the elevated throne flanked by?	by cardinals
		Enea Silvio, dressed in a splendid gold robe, has thrown himself at his feet.	What has Enea Silvio thrown himself at?	at his feet
		Frederick III sent him to the papal court to urge Eugenius IV to convene a new council, and Piccolomini took that opportunity to beg the pope to forgive him for having strayed from the faith.	Who did Frederick III send to the papal court to urge Eugenius IV to convene a new council?	Piccolomini
		Frederick III sent him to the papal court to urge Eugenius IV to convene a new council, and Piccolomini took that opportunity to beg the pope to forgive him for having strayed from the faith.	Who did Frederick III send Piccolomini to the papal court to urge to convene a new council?	Eugenius IV
		In 1445 Piccolomini suffered a major spiritual crisis, and he turned away from his secular way of life.	Who suffered a major spiritual crisis in 1445?	Piccolomini
		Enea Silvio, dressed in a splendid gold robe, has thrown himself at his feet.	Who has Enea Silvio thrown at his feet?	himself
26763-09_62mn.jpg	The medallion in the ninth bay, above the Libyan Sibyl, represents the Sacrifice of Isaac			
		The medallion in the ninth bay, above the Libyan Sibyl, represents the Sacrifice of Isaac	What does the medallion represent?	the Sacrifice of Isaac
		The medallion in the ninth bay, above the Libyan Sibyl, represents the Sacrifice of Isaac	What represents the Sacrifice of Isaac?	the medallion
		The medallion in the ninth bay, above the Libyan Sibyl, represents the Sacrifice of Isaac	Who does the medallion represent the Sacrifice of?	of Isaac
13926-st_paul.jpg	Catalogue number: Bredius 603.This painting was formerly attributed to Rembrandt and was included in the Bredius catalogue of Rembrandt's paintings			
		Catalogue number: Bredius 603.	What does catalogue number: bredius?	603
		This painting was formerly attributed to Rembrandt and was included in the Bredius catalogue of Rembrandt's paintings	What was formerly attributed to Rembrandt?	this painting
		Catalogue number: Bredius 603.	What: Bredius 603?	catalogue number
02526-9basket1.jpg	This composite head, turned upside down, becomes a basket of fruit.The painting emerged on the market at an auction in Sweden in 1999. It comes probably from the collections of Rudolf II in Prague, because many works of art were stolen thence by Swedish troops during the sack of the Hradï¿½any in 1648			
		This composite head, turned upside down, becomes a basket of fruit.	What becomes a basket of fruit?	this composite head
		The painting emerged on the market at an auction in Sweden in 1999.	When did the painting emerge on the market at an auction in Sweden?	in 1999
		The painting emerged on the market at an auction in Sweden in 1999.	What did the painting emerge on at an auction in Sweden in 1999?	on the market
		It comes probably from the collections of Rudolf II in Prague, because many works of art were stolen thence by Swedish troops during the sack of the Hradany in 1648	What were many works of art stolen by Swedish troops during the sack of the Hradany in 1648?	thence
		It comes probably from the collections of Rudolf II in Prague, because many works of art were stolen thence by Swedish troops during the sack of the Hradany in 1648	What does the painting come probably from?	from the collections of Rudolf II in Prague
		It comes probably from the collections of Rudolf II in Prague, because many works of art were stolen thence by Swedish troops during the sack of the Hradany in 1648	What were many works of art stolen thence by Swedish troops during in 1648?	during the sack of the Hradany
36824-portpole.jpg	Reginald Pole (1500-1558) was an English prelate, a Cardinal in the Roman Catholic Church, and the last Roman Catholic Archbishop of Canterbury during the Counter Reformation against the Church of England			
		Reginald Pole was an English prelate, a Cardinal in the Roman Catholic Church, and the last Roman Catholic Archbishop of Canterbury during the Counter Reformation against the Church of England	Who was Reginald Pole in the Roman Catholic Church, and the last Roman Catholic Archbishop of Canterbury during the Counter Reformation against the Church of England?	an English prelate
		Reginald Pole was an English prelate, a Cardinal in the Roman Catholic Church, and the last Roman Catholic Archbishop of Canterbury during the Counter Reformation against the Church of England	What was Reginald Pole an English prelate in the Roman Catholic Church, and the last Roman Catholic Archbishop of Canterbury during against the Church of England?	during the Counter Reformation
		Reginald Pole was an English prelate, a Cardinal in the Roman Catholic Church, and the last Roman Catholic Archbishop of Canterbury during the Counter Reformation against the Church of England	Who was an English prelate in the Roman Catholic Church, and the last Roman Catholic Archbishop of Canterbury during the Counter Reformation against the Church of England?	Reginald Pole
		Reginald Pole was an English prelate, a Cardinal in the Roman Catholic Church, and the last Roman Catholic Archbishop of Canterbury during the Counter Reformation against the Church of England	Who was the English prelate?	a Cardinal
		Reginald Pole was an English prelate, a Cardinal in the Roman Catholic Church, and the last Roman Catholic Archbishop of Canterbury during the Counter Reformation against the Church of England	Who was a Cardinal?	the English prelate
		Reginald Pole was an English prelate, a Cardinal in the Roman Catholic Church, and the last Roman Catholic Archbishop of Canterbury during the Counter Reformation against the Church of England	What was Reginald Pole an English prelate in the Roman Catholic Church, and the last Roman Catholic Archbishop of Canterbury during the Counter Reformation against?	against the Church of England
32358-rossau1.jpg	The decorative scheme of the Hercules Hall of the Liechtenstein Garden Palace at Rossau culminates in the ceiling fresco by Andrea Pozzo. The monumental painting relates the story of Hercules from his birth and the strangling of the snakes placed by his cradle by Juno, to his fight with the Nemean Lion and other monsters, his defeat of Antaeus and the Amazons, his humiliation by Omphale, his punishment of Nessus to his suicide on a funeral pyre, with Hebe suspended above it, and the allegorical triumph of his translation to Olympus.The ceiling frescoes, on which Pozzo worked for four years, are his main work north of the Alps			
		The ceiling frescoes, on which Pozzo worked for four years, are his main work north of the Alps	Who worked for four years on the ceiling frescoes?	Pozzo
		The ceiling frescoes, on which Pozzo worked for four years, are his main work north of the Alps	When did Pozzo work on the ceiling frescoes?	for four years
		The ceiling frescoes, on which Pozzo worked for four years, are his main work north of the Alps	Whose main work north of the Alps are the ceiling frescoes?	Andrea Pozzo's main work north of the Alps
		The decorative scheme of the Hercules Hall of the Liechtenstein Garden Palace at Rossau culminates in the ceiling fresco by Andrea Pozzo.	What does the decorative scheme of the Hercules Hall of the Liechtenstein Garden Palace at Rossau culminate in by Andrea Pozzo?	in the ceiling fresco
		The decorative scheme of the Hercules Hall of the Liechtenstein Garden Palace at Rossau culminates in the ceiling fresco by Andrea Pozzo.	Who does the decorative scheme of the Hercules Hall of the Liechtenstein Garden Palace at Rossau culminate in the ceiling fresco by?	by Andrea Pozzo
		The ceiling frescoes, on which Pozzo worked for four years, are his main work north of the Alps	What are the ceiling frescoes Andrea Pozzo's main work north of?	of the Alps
14743-stillif2.jpg	This painting is based on Fede Galizia's successful prototype (now exhibited in the Metropolitan Museum of Art, New York). It could be either a copy of the prototype, or a replica painted by the artist herself			
		This painting is based on Fede Galizia's successful prototype (now exhibited in the Metropolitan Museum of Art, New York).	What is Art?	New York
		This painting is based on Fede Galizia's successful prototype (now exhibited in the Metropolitan Museum of Art, New York).	What is based on Fede Galizia's successful prototype?	this painting
		This painting is based on Fede Galizia's successful prototype (now exhibited in the Metropolitan Museum of Art, New York).	What is New York?	Art
14882-landscap.jpg	This is the only autograph version of the several existing variants of this panel by Gassel or his large and active workshop. It belongs to the tradition of landscape painting established by Joachim Patenier and Herri met de Bles, with its high horizon lines and exaggerated and teeming mountainous structures			
		It belongs to the tradition of landscape painting established by Joachim Patenier and Herri met de Bles, with its high horizon lines and exaggerated and teeming mountainous structures	What belongs to the tradition of landscape painting established by Joachim Patenier and Herri met de Bles?	the
		It belongs to the tradition of landscape painting established by Joachim Patenier and Herri met de Bles, with its high horizon lines and exaggerated and teeming mountainous structures	Who does the belong to the tradition of landscape painting established by Joachim Patenier and Herri met de?	de Bles
		It belongs to the tradition of landscape painting established by Joachim Patenier and Herri met de Bles, with its high horizon lines and exaggerated and teeming mountainous structures	What does the belong to met de Bles?	to the tradition of landscape painting established by Joachim Patenier and Herri
04814-virsaint.jpg	In the background is the annunciation to the shepherds, as well as the Holy Family in flight to Egypt twice and the Magi on horseback. The represented saint in the foreground are Catherine of Alexandria, Christine, Peter, and John the Baptist			
		In the background is the annunciation to the shepherds, as well as the Holy Family in flight to Egypt twice and the Magi on horseback.	Who is the annunciation to the shepherds, as well as the Holy Family in flight to Egypt in the background?	twice and the Magi on horseback
		The represented saint in the foreground are Catherine of Alexandria, Christine, Peter, and John the Baptist	Who are Catherine of Alexandria, Christine, Peter, and John the Baptist?	the represented saint in the foreground
		The represented saint in the foreground are Catherine of Alexandria, Christine, Peter, and John the Baptist	Who are the represented saint in the foreground?	Catherine of Alexandria, Christine, Peter, and John the Baptist
		The represented saint in the foreground are Catherine of Alexandria, Christine, Peter, and John the Baptist	What are the represented saint in the foreground Catherine of?	of Alexandria, Christine, Peter, and John the Baptist
		In the background is the annunciation to the shepherds, as well as the Holy Family in flight to Egypt twice and the Magi on horseback.	What is twice and the Magi on horseback the annunciation to the shepherds, as well as the Holy Family in flight to Egypt in?	in the background
		In the background is the annunciation to the shepherds, as well as the Holy Family in flight to Egypt twice and the Magi on horseback.	When is twice and the Magi on horseback in the background?	the annunciation to the shepherds, as well as the Holy Family in flight to Egypt
06661-peasant.jpg	This panel depicts a fight between two peasants armed with a pitchfork and a flail, and four others, including two brave women, attempting to intervene. The barrel and flagon together with the scattered playing cards clearly suggest the cause of the quarrel. the design of the composition was in all probability Pieter Bruegel the Elder's invention.Several versions of this composition have survived			
		The barrel and flagon together with the scattered playing cards clearly suggest the cause of the quarrel.	What do the barrel and flagon together with the scattered playing cards clearly suggest the cause of quarrel?	of the
		the design of the composition was in all probability Pieter Bruegel the Elder's invention.	What was in all probability Pieter Bruegel the Elder's invention?	the design of the composition
		This panel depicts a fight between two peasants armed with a pitchfork and a flail, and four others, including two brave women, attempting to intervene.	How many others attempting to intervene?	four others
		The barrel and flagon together with the scattered playing cards clearly suggest the cause of the quarrel.	What do the barrel and flagon together with the scattered playing cards clearly suggest quarrel?	the cause of the
		the design of the composition was in all probability Pieter Bruegel the Elder's invention.	What was the design of the composition in all probability Pieter Bruegel?	the Elder's invention
		The barrel and flagon together with the scattered playing cards clearly suggest the cause of the quarrel.	What clearly suggest the cause of the quarrel?	the barrel and flagon together with the scattered playing cards
35250-2young_m.jpg	This portrait of a young man is characteristic of the Mannerist phase of Florentine painting in the first third of the sixteenth century. The sitter's languid hands and relaxed coiffure have nothing to do with his sharp gaze, undiminished by a landscape background totally at odds with the sitter's decidedly urban toughness. Strips later added all around diminish the sense of tension that is one of Rosso's hallmarks			
		The sitter's languid hands and relaxed coiffure have nothing to do with his sharp gaze, undiminished by a landscape background totally at odds with the sitter's decidedly urban toughness.	What have nothing to do with a young man's sharp gaze background totally at odds with the sitter's decidedly urban toughness?	the sitter's languid hands and relaxed coiffure
		Strips later added all around diminish the sense of tension that is one of Rosso's hallmarks	What did strips later add all around diminish?	the sense of tension that is one of Rosso's hallmarks
		Strips later added all around diminish the sense of tension that is one of Rosso's hallmarks	What later added all around diminish the sense of tension that is one of Rosso's hallmarks?	strips
		Strips later added all around diminish the sense of tension that is one of Rosso's hallmarks	What did strips later add all around diminish the sense of?	of tension that is one of Rosso's hallmarks
		Strips later added all around diminish the sense of tension that is one of Rosso's hallmarks	What did strips later add diminish the sense of tension that is one of Rosso's hallmarks?	all around
		The sitter's languid hands and relaxed coiffure have nothing to do with his sharp gaze, undiminished by a landscape background totally at odds with the sitter's decidedly urban toughness.	What do the sitter's languid hands and relaxed coiffure have?	nothing to do with a young man's sharp gaze background totally at odds with the sitter's decidedly urban toughness
21199-deathnio.jpg	This painting is one of Kï¿½nig's most ambitious, multi-figural compositions and is painted on an unusually large scale. It reveals a synthesis of the artist's Roman style with that of the great 16th century Venetian colourists. The strong Venetian overtones derive also from the influence of his fellow countryman, Johann Rottenhammer			
		The strong Venetian overtones derive also from the influence of his fellow countryman, Johann Rottenhammer	Who is Johann Rottenhammer?	his fellow countryman
		This painting is one of Knig's most ambitious, multi-figural compositions and is painted on an unusually large scale.	What is one of Knig's most ambitious, multi-figural compositions?	this painting
		This painting is one of Knig's most ambitious, multi-figural compositions and is painted on an unusually large scale.	What is painted on an unusually large scale?	this painting
		The strong Venetian overtones derive also from the influence of his fellow countryman, Johann Rottenhammer	What do the strong Venetian overtones derive also from?	from the influence of his fellow countryman
29759-stillute.jpg	This is the only still-life known by Odekerken. It shows the inspiration of the so-called &#145;banketjes' of contemporary Haarlem still-life specialists, such as Willem Claesz. Heda			
		This is the only still-life known by Odekerken.	What is the only still-life known by Odekerken?	this
		It shows the inspiration of the so-called &#145; banketjes ' of contemporary Haarlem still-life specialists, such as Willem Claesz.	What shows the inspiration of the so-called &#145; banketjes?	this
04917-madamax.jpg	The upper-class ladies in Paris appreciated Boldini's work because they knew that the well-traveled artist could be relied upon to produce their likeness with elegance and to their advantage.The present work was executed with quick, light brush strokes. The extravagant, fleeting lightness is typical of the spirit of the fin de siï¿½cle			
		The upper-class ladies in Paris appreciated Boldini's work because they knew that the well-traveled artist could be relied upon to produce their likeness with elegance and to their advantage.	Who knew that the well-traveled artist could be relied upon to produce their likeness with elegance and to their advantage?	Boldini
		The upper-class ladies in Paris appreciated Boldini's work because they knew that the well-traveled artist could be relied upon to produce their likeness with elegance and to their advantage.	Whose work did the upper-class ladies in Paris appreciate because Boldini knew that the well-traveled artist could be relied upon to produce their likeness with elegance and to their advantage?	Boldini's work
		The upper-class ladies in Paris appreciated Boldini's work because they knew that the well-traveled artist could be relied upon to produce their likeness with elegance and to their advantage.	What did Boldini know with?	that the well-traveled artist could be relied upon to produce their likeness with elegance and to their advantage
		The extravagant, fleeting lightness is typical of the spirit of the fin de sicle	Who is the extravagant, fleeting lightness typical of?	of the spirit of the fin de sicle
		The upper-class ladies in Paris appreciated Boldini's work because they knew that the well-traveled artist could be relied upon to produce their likeness with elegance and to their advantage.	What did the upper-class ladies in Paris appreciate Boldini's work because Boldini knew with?	that the well-traveled artist could be relied upon to produce their likeness with elegance and to their advantage
		The extravagant, fleeting lightness is typical of the spirit of the fin de sicle	What is the extravagant, fleeting lightness?	typical of the spirit of the fin de sicle
28872-09moriso.jpg	Berthe Morisot preferred light, tender colours, had a precise eye, and took an interest in the psychological state expressed by her models. A particularly fine use of colour distinguishes At the Ball, with its slightly asymmetrical structure and the young woman's attentive sideways look.Morisot artistic and human qualities amply account for the high regard in which she was held by fellow painters as different in character as Renoir and Degas, Monet and Puvis de Chavannes, as well as such writers as the poet Mallarmï¿½			
		Berthe Morisot preferred light, tender colors, had a precise eye, and took an interest in the psychological state expressed by her models.	What was tender colors?	Berthe Morisot preferred light
		Berthe Morisot preferred light, tender colors, had a precise eye, and took an interest in the psychological state expressed by her models.	What did Berthe Morisot preferred light take?	an interest in the psychological state expressed by her models
		A particularly fine use of color distinguishes At the Ball, with its slightly asymmetrical structure and the young woman's attentive sideways look.	What distinguishes At the Ball, with its slightly asymmetrical structure and the young woman's attentive sideways look?	a particularly fine use of color
		A particularly fine use of color distinguishes At the Ball, with its slightly asymmetrical structure and the young woman's attentive sideways look.	What does a particularly fine use of color distinguish At?	At the Ball, with its slightly asymmetrical structure and the young woman's attentive sideways look
		Berthe Morisot preferred light, tender colors, had a precise eye, and took an interest in the psychological state expressed by her models.	What was Berthe Morisot preferred light?	tender colors
		A particularly fine use of color distinguishes At the Ball, with its slightly asymmetrical structure and the young woman's attentive sideways look.	What does a particularly fine use of color distinguish At, with its slightly asymmetrical structure and the young woman's attentive sideways look?	At the Ball
26360-writing1.jpg	Metsu's indisputable masterpieces are Man Writing a Letter and Woman Reading a Letter which were painted as companion pieces. In both paintings, the way the silvery daylight flows over the figures set against light walls is not surpassed by Vermeer. The pendants offer a small drama: the handsome man writes a letter, and its patient recipient attentively reads it by the light of a window. Here letter writing and reading are most likely associated with love. The Man Writing a Letter offers a view of the love of comfort and beautiful materials in the home of a well-to-do burgher about 1660, and the heavily carved gilt Baroque frame around the landscape painting on the wall behind the handsome young man makes clear that not all seventeenth-century Dutch pictures were enclosed in rectilinear black ebony mouldings			
		Metsu's indisputable masterpieces are Man Writing a Letter and Woman Reading a Letter which were painted as companion pieces.	What are Metsu's indisputable masterpieces Man Writing a Letter and Woman Reading?	a Letter which were painted as companion pieces
		In both paintings, the way the silvery daylight flows over the figures set against light walls is not surpassed by Vermeer.	What is the way the silvery daylight flows over the figures set against light walls not surpassed by Vermeer in?	in both paintings
		Metsu's indisputable masterpieces are Man Writing a Letter and Woman Reading a Letter which were painted as companion pieces.	Who are Metsu's indisputable masterpieces Writing a Letter and Woman Reading a Letter which were painted as companion pieces?	Man
		Metsu's indisputable masterpieces are Man Writing a Letter and Woman Reading a Letter which were painted as companion pieces.	What are Metsu's indisputable masterpieces Man Writing Reading a Letter which were painted as companion pieces?	a Letter and Woman
		Here letter writing and reading are most likely associated with love.	What are most likely associated with love?	letter writing
		Metsu's indisputable masterpieces are Man Writing a Letter and Woman Reading a Letter which were painted as companion pieces.	Whose indisputable masterpieces are Man Writing a Letter and Woman Reading a Letter which were painted as companion pieces?	Metsu's indisputable masterpieces
28496-early05.jpg	This life-size portrait represents the painter and engraver Jules Ferdinand Jacquemart. It was executed in academic style, setting the figure in a perspectivically composed landscape			
		It was executed in academic style, setting the figure in a perspectivically composed landscape	What was executed in academic style?	this life-size portrait
		It was executed in academic style, setting the figure in a perspectivically composed landscape	What set the figure in a perspectivically composed landscape?	this life-size portrait
		This life-size portrait represents the painter and engraver Jules Ferdinand Jacquemart.	What represents the painter and engraver Jules Ferdinand Jacquemart?	this life-size portrait
39395-3flight.jpg	As so often with Tintoretto, this painting is matched with the utmost exactitude to its situation on the ground floor Sala Inferiore of the Scuola Grande di San Rocco: in the arching branch on the left, the curve of the palm fronds on the right, and the roughly circular view of the sky at the centre, the painter echoes the shape of the windows flanking the picture with astonishing precision. Like the needy people who waited for charitable donations on the bench below the painting, the Holy Family seems to be fleeing hopefully out of